B,P,B,B,P,B,B,P,B,B,B,B,B,P,B,B,P,B
P,P,P,P,P,P,P,P,P,P,P,P,P,P,P,P,P,P
B,P,B,B,P,B,B,P,B,B,B,B,B,P,B,B,P,B
B,P,B,B,P,B,B,P,B,B,B,B,B,P,B,B,P,B
P,P,P,P,P,P,P,P,P,P,P,P,P,P,P,P,P,P
B,P,B,B,P,B,B,P,B,B,B,B,B,P,B,B,P,B
P,P,P,P,P,P,P,P,P,P,P,P,P,P,P,P,P,P
B,P,B,B,P,B,B,P,B,B,B,B,B,P,B,B,P,B
B,P,B,B,P,B,B,P,B,B,B,B,B,P,B,B,P,B
P,P,P,P,P,P,P,P,P,P,P,P,P,P,P,P,P,P
B,P,B,B,P,B,B,P,B,B,B,B,B,P,B,B,P,B
B,P,B,B,P,B,B,P,B,B,B,B,B,P,B,B,P,B
P,P,P,P,P,P,P,P,P,P,P,P,P,P,P,P,P,P
B,P,B,B,P,B,B,P,B,B,B,B,B,P,B,B,P,B